index,seed,operations,read_percent,burst_max,backpressure_percent,error_percent,security_percent,status
0,172032000,200,75,4,75,1,0,GENERATED
1,172032001,50,25,4,75,0,25,GENERATED
2,172032002,100,25,1,50,1,0,GENERATED
3,172032003,200,75,8,0,0,10,GENERATED
4,172032004,50,50,16,0,5,0,GENERATED
5,172032005,200,25,8,0,1,10,GENERATED
6,172032006,200,50,4,50,5,0,GENERATED
7,172032007,100,50,8,50,0,25,GENERATED
8,172032008,50,75,16,75,0,0,GENERATED
9,172032009,100,50,4,50,1,10,GENERATED
10,172032010,50,75,1,0,0,25,GENERATED
11,172032011,50,75,4,0,0,25,GENERATED
12,172032012,100,75,1,75,1,10,GENERATED
13,172032013,200,50,4,75,5,0,GENERATED
14,172032014,200,75,8,75,0,10,GENERATED
15,172032015,50,25,4,0,1,0,GENERATED
16,172032016,50,75,16,75,1,0,GENERATED
17,172032017,200,25,1,75,1,25,GENERATED
18,172032018,100,75,1,0,1,0,GENERATED
19,172032019,200,25,1,0,1,10,GENERATED
20,172032020,100,75,8,50,0,0,GENERATED
21,172032021,50,75,16,50,5,0,GENERATED
22,172032022,200,25,16,50,1,10,GENERATED
23,172032023,50,25,4,50,5,25,GENERATED
24,172032024,200,50,1,50,1,25,GENERATED
25,172032025,200,75,4,50,5,10,GENERATED
26,172032026,200,75,16,0,1,25,GENERATED
27,172032027,50,75,8,25,1,25,GENERATED
28,172032028,200,75,8,0,5,25,GENERATED
29,172032029,200,75,16,0,0,10,GENERATED
30,172032030,50,50,4,0,1,10,GENERATED
31,172032031,100,50,4,0,1,10,GENERATED
32,172032032,100,50,4,50,0,10,GENERATED
33,172032033,200,75,16,0,5,10,GENERATED
34,172032034,50,25,8,75,0,0,GENERATED
35,172032035,100,25,1,75,5,0,GENERATED
36,172032036,200,25,16,0,5,10,GENERATED
37,172032037,50,50,8,75,1,0,GENERATED
38,172032038,100,50,1,75,0,10,GENERATED
39,172032039,50,75,16,25,5,25,GENERATED
40,172032040,200,25,8,75,0,10,GENERATED
41,172032041,50,25,8,75,0,0,GENERATED
42,172032042,200,50,16,75,5,0,GENERATED
43,172032043,200,25,4,50,0,25,GENERATED
44,172032044,50,25,8,25,5,10,GENERATED
45,172032045,50,50,16,25,0,0,GENERATED
46,172032046,50,75,1,0,1,0,GENERATED
47,172032047,50,75,8,75,1,25,GENERATED
48,172032048,200,50,1,0,1,25,GENERATED
49,172032049,100,50,1,75,5,25,GENERATED
50,172032050,100,50,8,50,0,25,GENERATED
51,172032051,200,50,8,0,0,25,GENERATED
52,172032052,100,25,1,50,1,0,GENERATED
53,172032053,200,75,1,75,5,10,GENERATED
54,172032054,200,25,4,0,5,25,GENERATED
55,172032055,100,50,4,75,0,25,GENERATED
56,172032056,200,50,1,50,5,10,GENERATED
57,172032057,200,50,8,25,1,10,GENERATED
58,172032058,100,75,16,50,1,25,GENERATED
59,172032059,100,50,4,75,0,25,GENERATED
60,172032060,200,25,1,0,1,10,GENERATED
61,172032061,50,75,16,75,1,25,GENERATED
62,172032062,100,75,8,50,0,25,GENERATED
63,172032063,50,75,8,25,5,0,GENERATED
64,172032064,50,75,1,50,5,10,GENERATED
65,172032065,200,50,8,75,5,0,GENERATED
66,172032066,200,75,1,75,0,25,GENERATED
67,172032067,100,75,1,75,1,10,GENERATED
68,172032068,100,50,16,75,0,0,GENERATED
69,172032069,50,25,4,0,1,10,GENERATED
70,172032070,200,75,1,25,1,25,GENERATED
71,172032071,100,75,4,0,0,25,GENERATED
72,172032072,100,75,8,0,0,25,GENERATED
73,172032073,200,25,16,50,1,0,GENERATED
74,172032074,200,50,16,75,5,10,GENERATED
75,172032075,50,75,8,25,0,25,GENERATED
76,172032076,200,50,1,50,1,0,GENERATED
77,172032077,100,50,4,0,0,25,GENERATED
78,172032078,100,75,1,25,0,25,GENERATED
79,172032079,100,25,8,0,5,10,GENERATED
80,172032080,100,75,16,0,0,0,GENERATED
81,172032081,200,25,16,25,1,25,GENERATED
82,172032082,50,50,4,25,5,25,GENERATED
83,172032083,100,25,8,25,0,0,GENERATED
84,172032084,100,25,8,0,1,25,GENERATED
85,172032085,200,25,8,75,1,25,GENERATED
86,172032086,100,25,16,0,5,10,GENERATED
87,172032087,50,75,16,75,0,25,GENERATED
88,172032088,50,75,4,75,1,0,GENERATED
89,172032089,50,75,1,25,0,10,GENERATED
90,172032090,100,50,16,75,1,0,GENERATED
91,172032091,200,25,8,0,0,25,GENERATED
92,172032092,200,25,8,0,1,0,GENERATED
93,172032093,100,50,8,50,0,10,GENERATED
94,172032094,200,50,4,75,0,10,GENERATED
95,172032095,200,75,8,75,5,10,GENERATED
96,172032096,200,25,1,50,5,25,GENERATED
97,172032097,200,50,8,0,1,25,GENERATED
98,172032098,50,50,16,75,5,10,GENERATED
99,172032099,200,50,16,25,5,0,GENERATED
